"","Selection","View","Channel","Begin.Time..s.","End.Time..s.","Low.Freq..Hz.","High.Freq..Hz.","Begin.Date.Time","Begin.Hour","Species","Notes"
"1",1,"Spectrogram 1",1,6769.721391037,6799.403585658,165.848,866.094,"2023/3/12  0:10:49.7214",0,"HmpSng",""
"2",2,"Spectrogram 1",1,7779.049937353,7852.651598194,88.452,597.052,"2023/3/12  0:27:38.0499",0,"HmpSng",""
"3",195,"Spectrogram 1",1,8287.232130473,8347.867695621,169.533,515.971,"2023/3/12  0:36:06.2321",0,"HmpSng",""
"4",196,"Spectrogram 1",1,10089.443902189,10170.799796728,44.226,597.052,"2023/3/12  1:06:08.4439",1,"HmpSng",""
"5",197,"Spectrogram 1",1,10930.587814442,10993.89286988,88.452,707.617,"2023/3/12  1:20:10.5878",1,"HmpSng",""
"6",198,"Spectrogram 1",1,12078.570608816,12143.019731521,103.194,523.342,"2023/3/12  1:39:18.5706",1,"HmpSng",""
"7",199,"Spectrogram 1",1,12832.002838395,12955.943458981,58.968,493.857,"2023/3/12  1:51:51.0028",1,"HmpSng",""
"8",3,"Spectrogram 1",1,13452.990522187,13524.685404249,199.017,714.988,"2023/3/12  2:02:12.9905",2,"HmpSng",""
"9",4,"Spectrogram 1",1,14757.126111641,14850.304034605,184.275,589.681,"2023/3/12  2:23:56.1261",2,"HmpSng",""
"10",5,"Spectrogram 1",1,16699.166601518,16754.081830332,143.735,1109.337,"2023/3/12  2:56:18.1666",2,"HmpSng",""
"11",200,"Spectrogram 1",1,16984.013993938,17025.073296963,110.565,914.005,"2023/3/12  3:01:03.0140",3,"HmpSng",""
"12",201,"Spectrogram 1",1,17364.83575153,17402.971327095,184.275,810.811,"2023/3/12  3:07:24.8358",3,"HmpSng",""
"13",202,"Spectrogram 1",1,18239.336296669,18285.098987347,81.081,906.634,"2023/3/12  3:21:58.3363",3,"HmpSng",""
"14",6,"Spectrogram 1",1,18371.079298964,18460.697901542,184.275,597.052,"2023/3/12  3:24:10.0793",3,"HmpSng",""
"15",7,"Spectrogram 1",1,21253.138470045,21386.612984522,199.017,958.231,"2023/3/12  4:12:12.1385",4,"HmpSng",""
"16",8,"Spectrogram 1",1,21718.112902601,21769.977285369,180.59,954.546,"2023/3/12  4:19:57.1129",4,"HmpSng",""
"17",203,"Spectrogram 1",1,24174.760989113,24278.489754649,22.113,803.44,"2023/3/12  5:00:53.7610",5,"HmpSng",""
"18",204,"Spectrogram 1",1,24651.862938147,24741.862896481,294.84,1356.265,"2023/3/12  5:08:50.8629",5,"HmpSng",""
"19",9,"Spectrogram 1",1,26319.311962218,26412.966567738,103.194,803.44,"2023/3/12  5:36:38.3120",5,"Hmp",""
"20",205,"Spectrogram 1",1,27800.622853402,27881.851629355,66.339,663.391,"2023/3/12  6:01:19.6229",6,"HmpSng",""
"21",206,"Spectrogram 1",1,28266.029892597,28337.089181733,95.823,1282.555,"2023/3/12  6:09:04.0299",6,"HmpSng",""
"22",207,"Spectrogram 1",1,30847.099027601,30881.548164195,110.565,847.666,"2023/3/12  6:52:05.0990",6,"HmpSng",""
"23",10,"Spectrogram 1",1,31483.922905897,31520.78729561,121.621,585.995,"2023/3/12  7:02:42.9229",7,"HmpSng",""
"24",208,"Spectrogram 1",1,31950.855225694,32008.567063383,66.339,884.521,"2023/3/12  7:10:29.8552",7,"HmpSng",""
"25",209,"Spectrogram 1",1,34031.813531073,34108.466037959,117.936,1606.88,"2023/3/12  7:45:10.8135",7,"HmpSng",""
"26",11,"Spectrogram 1",1,35325.01616955,35370.778860228,73.71,1002.457,"2023/3/12  8:06:43.0162",8,"HmpSng",""
"27",12,"Spectrogram 1",1,36730.782940148,36760.147333333,58.968,663.391,"2023/3/12  8:30:09.7829",8,"HmpSng",""
"28",13,"Spectrogram 1",1,37248.677039989,37348.465129384,140.049,803.44,"2023/3/12  8:38:47.6770",8,"HmpSng",""
"29",14,"Spectrogram 1",1,39692.024480697,39747.702421022,81.081,1304.668,"2023/3/12  9:19:30.0245",9,"HmpSng",""
"30",15,"Spectrogram 1",1,39966.270191443,40027.541349517,95.823,737.101,"2023/3/12  9:24:04.2702",9,"HmpSng",""
"31",16,"Spectrogram 1",1,41641.871935617,41722.592237229,125.307,796.069,"2023/3/12  9:52:00.8719",9,"HmpSng",""
"32",17,"Spectrogram 1",1,42288.473631179,42347.965129061,228.501,773.956,"2023/3/12  10:02:46.4736",10,"HmpSng",""
"33",18,"Spectrogram 1",1,43037.532271422,43067.951875177,125.307,1142.506,"2023/3/12  10:15:15.5323",10,"HmpSng",""
"34",19,"Spectrogram 1",1,43311.702421022,43430.304061029,81.081,1002.457,"2023/3/12  10:19:49.7024",10,"HmpSng",""
"35",20,"Spectrogram 1",1,46870.616760946,46970.150613171,162.162,825.553,"2023/3/12  11:19:08.6168",11,"HmpSng",""
"36",21,"Spectrogram 1",1,48391.095259858,48421.476601724,420.147,2557.74,"2023/3/12  11:44:28.0953",11,"HmpSng",""
"37",22,"Spectrogram 1",1,50567.88780176,50654.90047334,339.066,2992.629,"2023/3/12  12:20:45.8878",12,"HmpSng",""
"38",23,"Spectrogram 1",1,51453.904655779,51490.896164077,213.759,2845.209,"2023/3/12  12:35:31.9047",12,"HmpSng",""
"39",210,"Spectrogram 1",1,53112.598884828,53182.259869527,103.194,1842.752,"2023/3/12  13:03:10.5989",13,"HmpSng",""
"40",24,"Spectrogram 1",1,54387.24369521,54441.904686853,162.162,2878.379,"2023/3/12  13:24:24.2437",13,"HmpSng",""
"41",211,"Spectrogram 1",1,58137.439738289,58230.363424082,73.71,2513.514,"2023/3/12  14:26:54.4397",14,"HmpSng",""
"42",25,"Spectrogram 1",1,59116.209603696,59164.959609228,206.388,479.115,"2023/3/12  14:43:13.2096",14,"HmpSng",""
"43",213,"Spectrogram 1",1,60080.059879296,60115.398845986,103.194,420.147,"2023/3/12  14:59:17.0599",14,"HmpSng",""
"44",212,"Spectrogram 1",1,61725.865785428,61774.425084981,162.162,663.391,"2023/3/12  15:26:43.8658",15,"HmpSng",""
"45",26,"Spectrogram 1",1,62336.048672993,62374.883400777,58.968,523.342,"2023/3/12  15:36:53.0487",15,"HmpSng",""
"46",216,"Spectrogram 1",1,63871.840259769,63912.136851283,235.872,648.649,"2023/3/12  16:02:29.8403",16,"HmpSng",""
"47",215,"Spectrogram 1",1,66245.782380355,66365.146731874,117.936,906.634,"2023/3/12  16:42:02.7824",16,"HmpSng",""
"48",214,"Spectrogram 1",1,67194.139073505,67252.105148364,169.533,678.133,"2023/3/12  16:57:51.1391",16,"HmpSng",""
"49",217,"Spectrogram 1",1,69311.199890419,69366.496474988,66.339,508.6,"2023/3/12  17:33:08.1999",17,"HmpSng",""
"50",132,"Spectrogram 1",1,70642.603621116,70717.730704979,103.194,737.101,"2023/3/12  17:55:19.6036",17,"HmpSng",""
"51",218,"Spectrogram 1",1,71102.81069827,71171.454734287,103.194,1009.828,"2023/3/12  18:02:59.8107",18,"HmpSng",""
"52",27,"Spectrogram 1",1,71549.15015319,71603.302670492,66.339,685.504,"2023/3/12  18:10:26.1502",18,"HmpSng","xx"
"53",28,"Spectrogram 1",1,73810.031373705,73852.488981167,151.105,571.253,"2023/3/12  18:48:06.0314",18,"HmpSng",""
"54",219,"Spectrogram 1",1,74418.370656015,74483.582490231,117.936,862.408,"2023/3/12  18:58:15.3707",18,"HmpSng",""
"55",29,"Spectrogram 1",1,75784.845046228,75874.209411635,121.621,777.641,"2023/3/12  19:21:01.8450",19,"HmpSng","xx"
"56",220,"Spectrogram 1",1,76753.617554261,76805.227699859,213.759,567.568,"2023/3/12  19:37:10.6176",19,"HmpSng",""
"57",221,"Spectrogram 1",1,77538.448491055,77633.787429967,140.049,921.376,"2023/3/12  19:50:15.4485",19,"HmpSng",""
"58",222,"Spectrogram 1",1,77848.846969103,77919.524902484,265.356,766.585,"2023/3/12  19:55:25.8470",19,"HmpSng",""
"59",223,"Spectrogram 1",1,78617.91520133,78689.737201977,132.678,560.197,"2023/3/12  20:08:14.9152",20,"HmpSng",""
"60",224,"Spectrogram 1",1,82050.171007945,82101.781153543,140.049,641.278,"2023/3/12  21:05:26.1710",21,"HmpSng",""
"61",30,"Spectrogram 1",1,85117.221093809,85164.509207509,136.364,556.511,"2023/3/12  21:56:33.2211",21,"HmpSng",""
"62",133,"Spectrogram 1",1,85407.407024482,85492.830713748,154.791,891.892,"2023/3/12  22:01:23.4070",22,"HmpSng",""
"63",134,"Spectrogram 1",1,86847.736047022,86943.837697446,250.614,965.602,"2023/3/12  22:25:23.7360",22,"Hmp","xx"
"64",135,"Spectrogram 1",1,90275.919475577,90284.690657957,221.13,737.101,"2023/3/12  23:22:31.9195",23,"Hmp","xx"
"65",136,"Spectrogram 1",1,91136.257768656,91197.52892673,117.936,737.101,"2023/3/12  23:36:52.2578",23,"Hmp",""
"66",31,"Spectrogram 1",1,91702.777628501,91751.209809469,117.936,1297.298,"2023/3/12  23:46:18.7776",23,"HmpSng",""
"67",32,"Spectrogram 1",1,93154.04037806,93206.667457392,132.678,1208.845,"2023/3/13  0:10:29.0404",0,"HmpSng",""
"68",33,"Spectrogram 1",1,95554.720219912,95584.14817239,294.84,2506.143,"2023/3/13  0:50:30.7202",0,"HmpSng",""
"69",137,"Spectrogram 1",1,95866.674973105,95913.963086806,125.307,619.165,"2023/3/13  0:55:42.6750",0,"HmpSng",""
"70",34,"Spectrogram 1",1,96226.573256238,96339.708794079,161.392,1105.651,"2023/3/13  1:01:42.5733",1,"Hmp",""
"71",35,"Spectrogram 1",1,97847.345725282,97944.387878237,162.686,1230.958,"2023/3/13  1:28:43.3457",1,"HmpSng","xx"
"72",36,"Spectrogram 1",1,100020.896287841,100081.53185299,147.42,682.39,"2023/3/13  2:04:56.8963",2,"HmpSng",""
"73",37,"Spectrogram 1",1,100326.273626177,100393.392239171,109.024,613.334,"2023/3/13  2:10:01.2736",2,"HmpSng",""
"74",38,"Spectrogram 1",1,100994.612580244,101034.400697417,84.584,608.291,"2023/3/13  2:21:10.6126",2,"HmpSng",""
"75",39,"Spectrogram 1",1,101748.871031721,101776.455755355,132.432,707.863,"2023/3/13  2:33:44.8710",2,"HmpSng",""
"76",40,"Spectrogram 1",1,102569.549,102602.027782427,125.323,862.392,"2023/3/13  2:47:25.5490",2,"HmpSng",""
"77",41,"Spectrogram 1",1,105641.510781427,105777.781904779,90.517,691.81,"2023/3/13  3:38:36.5108",3,"HmpSng","xx"
"78",42,"Spectrogram 1",1,106476.298814089,106507.315757003,84.052,898.707,"2023/3/13  3:52:31.2988",3,"HmpSng",""
"79",43,"Spectrogram 1",1,108065.535874588,108154.137528484,213.362,834.052,"2023/3/13  4:19:00.5359",4,"HmpSng",""
"80",44,"Spectrogram 1",1,108526.747371558,108559.416847958,187.778,711.485,"2023/3/13  4:26:41.7474",4,"HmpSng",""
"81",45,"Spectrogram 1",1,108927.526875942,109033.670894597,116.379,859.914,"2023/3/13  4:33:22.5269",4,"HmpSng",""
"82",46,"Spectrogram 1",1,110730.755679673,110803.467510417,161.638,950.431,"2023/3/13  5:03:25.7557",5,"HmpSng",""
"83",47,"Spectrogram 1",1,111972.09468803,112075.18786064,64.655,937.5,"2023/3/13  5:24:07.0947",5,"HmpSng",""
"84",48,"Spectrogram 1",1,115298.598791431,115349.255558145,142.241,656.02,"2023/3/13  6:19:33.5988",6,"HmpSng",""
"85",49,"Spectrogram 1",1,116367.323408427,116488.340301554,147.42,717.672,"2023/3/13  6:37:22.3234",6,"HmpSng",""
"86",50,"Spectrogram 1",1,117379.556445033,117430.086078272,96.983,808.19,"2023/3/13  6:54:14.5564",6,"HmpSng",""
"87",51,"Spectrogram 1",1,118133.052312853,118241.230228872,90.517,782.328,"2023/3/13  7:06:47.0523",7,"HmpSng",""
"88",52,"Spectrogram 1",1,120404.103158898,120494.611591573,142.241,853.448,"2023/3/13  7:44:38.1032",7,"HmpSng",""
"89",53,"Spectrogram 1",1,122551.162461923,122605.442097811,84.052,982.759,"2023/3/13  8:20:25.1625",8,"HmpSng",""
"90",54,"Spectrogram 1",1,126285.742938795,126323.687864113,135.776,1098.28,"2023/3/13  9:22:40.7429",9,"HmpSng",""
"91",138,"Spectrogram 1",1,128976.310758769,129094.53104302,81.081,1304.668,"2023/3/13  10:07:30.3108",10,"HmpSng",""
"92",55,"Spectrogram 1",1,129233.331901218,129288.628485787,0,575.432,"2023/3/13  10:11:47.3319",10,"HmpSng",""
"93",56,"Spectrogram 1",1,130462.594666196,130538.611580156,83.432,1169.639,"2023/3/13  10:32:16.5947",10,"HmpSng",""
"94",227,"Spectrogram 1",1,132132.835644951,132149.361061029,125.307,1407.862,"2023/3/13  11:00:07.8356",11,"HmpSng",""
"95",228,"Spectrogram 1",1,132312.301980226,132416.157864348,140.049,1909.091,"2023/3/13  11:03:06.3020",11,"HmpSng",""
"96",57,"Spectrogram 1",1,133519.620070504,133562.967486994,92.36,980.344,"2023/3/13  11:23:13.6201",11,"HmpSng",""
"97",229,"Spectrogram 1",1,136054.685054143,136082.778261476,228.501,641.278,"2023/3/13  12:05:28.6851",12,"Hmp",""
"98",230,"Spectrogram 1",1,136293.769839218,136362.668112406,88.452,891.892,"2023/3/13  12:09:27.7698",12,"HmpSng",""
"99",58,"Spectrogram 1",1,137092.086209216,137116.874333333,226.968,788.698,"2023/3/13  12:22:46.0862",12,"HmpSng","xx"
"100",59,"Spectrogram 1",1,140663.39516034,140693.013790695,87.221,1033.172,"2023/3/13  13:22:17.3952",13,"HmpSng",""
"101",60,"Spectrogram 1",1,145641.526653719,145798.263869291,116.379,711.207,"2023/3/13  14:45:15.5267",14,"HmpSng",""
"102",231,"Spectrogram 1",1,146366.751391066,146432.471699623,221.13,943.489,"2023/3/13  14:57:20.7514",14,"HmpSng",""
"103",232,"Spectrogram 1",1,146667.997330979,146729.395607639,73.71,1916.462,"2023/3/13  15:02:21.9973",15,"HmpSng",""
"104",61,"Spectrogram 1",1,147763.162156368,147863.204482933,77.586,685.504,"2023/3/13  15:20:36.1622",15,"HmpSng","xx"
"105",139,"Spectrogram 1",1,148173.602598399,148232.58562194,66.339,685.504,"2023/3/13  15:27:27.6026",15,"HmpSng",""
"106",233,"Spectrogram 1",1,148333.949973458,148374.500802142,206.388,641.278,"2023/3/13  15:30:07.9500",15,"HmpSng",""
"107",234,"Spectrogram 1",1,149101.747019833,149180.560542667,95.823,700.246,"2023/3/13  15:42:55.7470",15,"HmpSng",""
"108",235,"Spectrogram 1",1,150210.323886123,150332.10349076,184.275,324.324,"2023/3/13  16:01:23.3239",16,"HmpSng",""
"109",236,"Spectrogram 1",1,150988.798893656,151059.476827036,95.823,515.971,"2023/3/13  16:14:22.7989",16,"HmpSng",""
"110",237,"Spectrogram 1",1,151219.824368762,151254.400623941,206.388,810.811,"2023/3/13  16:18:13.8244",16,"HmpSng",""
"111",238,"Spectrogram 1",1,151487.765239348,151600.64654302,147.42,1216.216,"2023/3/13  16:22:41.7652",16,"HmpSng",""
"112",62,"Spectrogram 1",1,153289.339840101,153363.577093867,99.969,474.969,"2023/3/13  16:52:42.3398",16,"Hmp",""
"113",63,"Spectrogram 1",1,154115.67451742,154157.305855579,155.172,523.342,"2023/3/13  17:06:28.6745",17,"HmpSoc","xx"
"114",239,"Spectrogram 1",1,154171.701921728,154224.45593597,169.533,906.634,"2023/3/13  17:07:24.7019",17,"HmpSng",""
"115",64,"Spectrogram 1",1,156138.28469209,156178.072809263,174.569,911.638,"2023/3/13  17:40:11.2847",17,"HmpSng",""
"116",65,"Spectrogram 1",1,158489.229603872,158581.136340984,174.569,808.19,"2023/3/13  18:19:22.2296",18,"HmpSng",""
"117",66,"Spectrogram 1",1,159156.424525453,159189.920271775,201.225,1201.474,"2023/3/13  18:30:29.4245",18,"HmpSng",""
"118",67,"Spectrogram 1",1,162173.153102166,162236.839513359,206.897,859.914,"2023/3/13  19:20:45.1531",19,"HmpSng",""
"119",140,"Spectrogram 1",1,165534.475399541,165588.119442502,184.275,781.327,"2023/3/13  20:16:47.4754",20,"HmpSng","xx"
"120",141,"Spectrogram 1",1,169164.573940295,169203.904172228,114.251,1050.369,"2023/3/13  21:17:17.5739",21,"HmpSng",""
"121",142,"Spectrogram 1",1,169668.458896069,169738.310585805,162.162,737.101,"2023/3/13  21:25:41.4589",21,"HmpSng",""
"122",68,"Spectrogram 1",1,169976.481264654,170065.718511476,187.5,1444.717,"2023/3/13  21:30:49.4813",21,"Hmp",""
"123",69,"Spectrogram 1",1,174393.891987112,174425.226742761,155.172,885.776,"2023/3/13  22:44:27.8920",22,"Hmp",""
"124",70,"Spectrogram 1",1,177321.936099591,177389.64572234,166.491,788.698,"2023/3/13  23:33:15.9361",23,"HmpSng","xx"
"125",241,"Spectrogram 1",1,180689.051042667,180716.127301318,530.713,1098.28,"2023/3/14  0:29:22.0510",0,"HmpSng",""
"126",144,"Spectrogram 1",1,182080.590746057,182160.039861817,294.84,1238.329,"2023/3/14  0:52:33.5907",0,"HmpSng","xx"
"127",143,"Spectrogram 1",1,182549.302701801,182594.175562382,427.518,832.924,"2023/3/14  1:00:22.3027",1,"Hmp",""
"128",71,"Spectrogram 1",1,184691.531457921,184838.480542432,38.793,1428.879,"2023/3/14  1:36:04.5315",1,"HmpSng",""
"129",242,"Spectrogram 1",1,186708.017707804,186756.704125942,110.565,796.069,"2023/3/14  2:09:40.0177",2,"HmpSng",""
"130",243,"Spectrogram 1",1,186876.373637064,186974.000710511,140.049,766.585,"2023/3/14  2:12:29.3736",2,"HmpSng",""
"131",244,"Spectrogram 1",1,187389.195658545,187441.441397069,125.307,2395.577,"2023/3/14  2:21:01.1957",2,"HmpSng",""
"132",145,"Spectrogram 1",1,188323.282038665,188388.875228637,95.823,589.681,"2023/3/14  2:36:35.2820",2,"HmpSng",""
"133",146,"Spectrogram 1",1,188670.671691678,188882.883366172,88.452,2447.174,"2023/3/14  2:42:23.6717",2,"HmpSng",""
"134",147,"Spectrogram 1",1,191236.48292979,191277.287995645,88.452,906.634,"2023/3/14  3:25:09.4829",3,"HmpSng",""
"135",148,"Spectrogram 1",1,191730.363948741,191793.923241349,95.823,2358.722,"2023/3/14  3:33:22.3639",3,"HmpSng",""
"136",72,"Spectrogram 1",1,191942.76008863,191982.166850047,95.823,694.551,"2023/3/14  3:36:55.7601",3,"Hmp",""
"137",73,"Spectrogram 1",1,193439.912563677,193516.310833392,64.655,691.81,"2023/3/14  4:01:52.9126",4,"HmpSng",""
"138",74,"Spectrogram 1",1,194590.564931674,194713.107247823,174.569,995.69,"2023/3/14  4:21:02.5649",4,"HmpSng","xx"
"139",75,"Spectrogram 1",1,196365.446270804,196441.272506886,163.735,950.86,"2023/3/14  4:50:37.4463",4,"HmpSng",""
"140",76,"Spectrogram 1",1,196862.251370645,196978.564876118,168.103,1034.483,"2023/3/14  4:58:54.2514",4,"HmpSng",""
"141",77,"Spectrogram 1",1,198242.709038371,198314.531039018,44.226,1355.987,"2023/3/14  5:21:54.7090",5,"HmpSng",""
"142",78,"Spectrogram 1",1,202384.615770774,202480.208946857,168.103,756.466,"2023/3/14  6:30:56.6158",6,"HmpSng",""
"143",79,"Spectrogram 1",1,204035.696176671,204128.174947417,110.565,1135.135,"2023/3/14  6:58:27.6962",6,"HmpSng",""
"144",80,"Spectrogram 1",1,205281.547694739,205343.835801495,153.123,760.882,"2023/3/14  7:19:13.5477",7,"HmpSng",""
"145",81,"Spectrogram 1",1,207309.50631662,207351.519000942,103.448,641.278,"2023/3/14  7:53:01.5063",7,"HmpSng",""
"146",82,"Spectrogram 1",1,209135.68001689,209158.942750235,64.655,1500,"2023/3/14  8:23:27.6800",8,"HmpSng",""
"147",83,"Spectrogram 1",1,212562.773300612,212693.196969044,109.914,1280.172,"2023/3/14  9:20:34.7733",9,"HmpSng",""
"148",84,"Spectrogram 1",1,216097.230853372,216144.074052024,44.226,641.278,"2023/3/14  10:19:28.2309",10,"HmpSng",""
"149",149,"Spectrogram 1",1,220262.18413777,220322.184109993,99.508,578.624,"2023/3/14  11:28:53.1841",11,"Hmp",""
"150",150,"Spectrogram 1",1,220832.590781603,220905.811086688,140.049,700.246,"2023/3/14  11:38:23.5908",11,"HmpSng",""
"151",245,"Spectrogram 1",1,222231.856358639,222310.669881474,117.936,597.052,"2023/3/14  12:01:43.8564",12,"HmpSng",""
"152",85,"Spectrogram 1",1,223583.365490643,223622.168469338,107.975,879.739,"2023/3/14  12:24:14.3655",12,"Hmp",""
"153",246,"Spectrogram 1",1,225889.182412841,225932.402731815,147.42,582.31,"2023/3/14  13:02:40.1824",13,"Hmp",""
"154",247,"Spectrogram 1",1,227082.166019715,227128.437184734,103.194,538.084,"2023/3/14  13:22:33.1660",13,"HmpSng",""
"155",86,"Spectrogram 1",1,227344.942606874,227436.7222254,109.914,834.052,"2023/3/14  13:26:55.9426",13,"HmpSng",""
"156",151,"Spectrogram 1",1,228116.805656838,228177.822577742,29.484,751.843,"2023/3/14  13:39:47.8057",13,"Hmp","xx"
"157",152,"Spectrogram 1",1,228642.466322093,228774.415413548,140.049,759.214,"2023/3/14  13:48:33.4663",13,"HmpSng","xx"
"158",248,"Spectrogram 1",1,230081.907182498,230180.42408604,147.42,486.486,"2023/3/14  14:12:32.9072",14,"HmpSng",""
"159",249,"Spectrogram 1",1,230910.721149776,230994.87365319,110.565,619.165,"2023/3/14  14:26:21.7211",14,"HmpSng",""
"160",153,"Spectrogram 1",1,231509.654240172,231614.272835805,81.081,582.31,"2023/3/14  14:36:20.6542",14,"Hmp","xx"
"161",250,"Spectrogram 1",1,231651.390931733,231684.823119644,176.904,766.585,"2023/3/14  14:38:42.3909",14,"HmpSng",""
"162",87,"Spectrogram 1",1,232177.992630473,232216.636680379,184.545,714.717,"2023/3/14  14:47:28.9926",14,"Hmp","xx"
"163",251,"Spectrogram 1",1,246789.137486229,246884.349306556,199.017,449.631,"2023/3/14  18:50:59.1375",18,"Hmp",""
"164",252,"Spectrogram 1",1,247804.866279543,247882.02726077,125.307,641.278,"2023/3/14  19:07:54.8663",19,"Hmp",""
"165",253,"Spectrogram 1",1,248919.671206509,248962.637288312,206.388,803.44,"2023/3/14  19:26:29.6712",19,"Hmp",""
"166",254,"Spectrogram 1",1,249596.781112523,249663.518369762,125.307,1061.425,"2023/3/14  19:37:46.7811",19,"Hmp",""
"167",88,"Spectrogram 1",1,252336.544246822,252413.323872293,70.485,445.485,"2023/3/14  20:23:26.5442",20,"Hmp",""
"168",154,"Spectrogram 1",1,252988.357821593,253051.789995616,213.759,818.182,"2023/3/14  20:34:18.3578",20,"Hmp",""
"169",155,"Spectrogram 1",1,253159.63733504,253246.332234993,117.936,1068.796,"2023/3/14  20:37:09.6373",20,"HmpSng","xx"
"170",156,"Spectrogram 1",1,254448.518802436,254513.095043726,221.13,796.069,"2023/3/14  20:58:38.5188",20,"HmpSng","xx"
"171",255,"Spectrogram 1",1,261091.663071622,261156.874905838,154.791,508.6,"2023/3/14  22:49:21.6631",22,"Hmp",""
"172",256,"Spectrogram 1",1,263264.082668668,263301.836888477,176.904,692.875,"2023/3/14  23:25:33.0827",23,"HmpSng",""
"173",257,"Spectrogram 1",1,264041.413608934,264069.761053437,243.243,538.084,"2023/3/14  23:38:30.4136",23,"HmpSng",""
"174",258,"Spectrogram 1",1,265654.549205332,265667.89665678,0,1267.813,"2023/3/15  0:05:23.5492",0,"HmpSoc",""
"175",259,"Spectrogram 1",1,265687.091563147,265690.650883533,0,523.342,"2023/3/15  0:05:56.0916",0,"HmpSoc",""
"176",260,"Spectrogram 1",1,265839.811823093,265850.235547081,7.371,700.246,"2023/3/15  0:08:29.8118",0,"HmpSOC",""
"177",262,"Spectrogram 1",1,269341.2713125,269428.728899129,162.162,788.698,"2023/3/15  1:06:50.2713",1,"HmpSng",""
"178",157,"Spectrogram 1",1,269581.636076565,269645.068250588,191.646,619.165,"2023/3/15  1:10:50.6361",1,"HmpSng",""
"179",158,"Spectrogram 1",1,269893.941000059,269935.763014595,184.275,899.263,"2023/3/15  1:16:03.9410",1,"HmpSng",""
"180",89,"Spectrogram 1",1,272935.078214807,272995.58666137,92.733,560.197,"2023/3/15  2:06:44.0782",2,"Hmp","xx"
"181",90,"Spectrogram 1",1,273089.120245939,273133.103276425,120.081,493.857,"2023/3/15  2:09:18.1202",2,"HmpSng",""
"182",91,"Spectrogram 1",1,273823.178791255,273865.000805791,135.776,943.489,"2023/3/15  2:21:32.1788",2,"HmpSng",""
"183",92,"Spectrogram 1",1,274480.076972251,274581.390484669,127.007,993.386,"2023/3/15  2:32:28.0770",2,"HmpSng",""
"184",93,"Spectrogram 1",1,277133.1446373,277229.246280367,110.565,906.634,"2023/3/15  3:16:41.1446",3,"HmpSng",""
"185",95,"Spectrogram 1",1,278181.03422899,278236.203659193,74.417,1547.205,"2023/3/15  3:34:09.0342",3,"HmpSng",""
"186",94,"Spectrogram 1",1,278895.453896716,278965.242,223.338,675.924,"2023/3/15  3:46:04.4539",3,"HmpSng",""
"187",96,"Spectrogram 1",1,279731.957769686,279787.000117085,113.424,785.838,"2023/3/15  4:00:00.9578",4,"HmpSng",""
"188",97,"Spectrogram 1",1,280272.79681044,280352.43663424,135.776,825.553,"2023/3/15  4:09:01.7968",4,"HmpSng",""
"189",98,"Spectrogram 1",1,281364.593416667,281411.754411782,94.933,819.071,"2023/3/15  4:27:13.5934",4,"HmpSng",""
"190",99,"Spectrogram 1",1,282472.101851989,282534.26284016,148.707,853.448,"2023/3/15  4:45:40.1019",4,"HmpSng",""
"191",100,"Spectrogram 1",1,284479.076474105,284553.822202213,71.121,769.397,"2023/3/15  5:19:07.0765",5,"HmpSng",""
"192",101,"Spectrogram 1",1,285868.813704802,285910.572166667,89.5,736.052,"2023/3/15  5:42:17.8137",5,"HmpSng",""
"193",102,"Spectrogram 1",1,288302.703427319,288340.330561617,181.702,776.529,"2023/3/15  6:22:50.7034",6,"HmpSng",""
"194",264,"Spectrogram 1",1,290103.451383769,290150.866616055,132.678,832.924,"2023/3/15  6:52:51.4514",6,"HmpSng",""
"195",265,"Spectrogram 1",1,291524.841981226,291613.189397952,147.42,530.713,"2023/3/15  7:16:32.8420",7,"HmpSng",""
"196",159,"Spectrogram 1",1,291960.408168138,291994.15818132,92.137,512.285,"2023/3/15  7:23:48.4082",7,"HmpSng","xx"
"197",266,"Spectrogram 1",1,294636.718936264,294689.091793373,125.307,729.73,"2023/3/15  8:08:24.7189",8,"HmpSng",""
"198",160,"Spectrogram 1",1,295860.0841127,295896.69429508,132.678,737.101,"2023/3/15  8:28:48.0841",8,"Hmp",""
"199",267,"Spectrogram 1",1,296975.142416726,297019.633921551,77.396,792.383,"2023/3/15  8:47:23.1424",8,"Hmp",""
"200",268,"Spectrogram 1",1,297775.609748764,297827.728368703,154.791,855.037,"2023/3/15  9:00:43.6097",9,"HmpSng",""
"201",269,"Spectrogram 1",1,298414.203306791,298451.830408015,103.194,788.698,"2023/3/15  9:11:22.2033",9,"HmpSng",""
"202",103,"Spectrogram 1",1,298550.65227769,298584.847177113,136.951,408.503,"2023/3/15  9:13:38.6523",9,"Hmp","xx"
"203",104,"Spectrogram 1",1,300122.60132839,300163.78775,154.672,626.655,"2023/3/15  9:39:50.6013",9,"HmpSng",""
"204",270,"Spectrogram 1",1,300514.483887123,300569.907590278,140.049,781.327,"2023/3/15  9:46:22.4839",9,"HmpSng",""
"205",161,"Spectrogram 1",1,303070.558441855,303111.236389124,213.759,685.504,"2023/3/15  10:28:58.5584",10,"HmpSng",""
"206",271,"Spectrogram 1",1,305833.28284322,305860.231983286,449.631,744.472,"2023/3/15  11:15:00.2828",11,"Hmp",""
"207",272,"Spectrogram 1",1,306308.47759681,306392.502981638,257.985,766.585,"2023/3/15  11:22:55.4776",11,"HmpSng",""
"208",273,"Spectrogram 1",1,307075.003290666,307132.588009769,154.791,855.037,"2023/3/15  11:35:42.0033",11,"HmpSng",""
"209",162,"Spectrogram 1",1,308469.058906368,308577.236822387,257.985,1503.686,"2023/3/15  11:58:56.0589",11,"HmpSng","xx"
"210",105,"Spectrogram 1",1,309050.154787474,309108.107975474,136.181,659.888,"2023/3/15  12:08:37.1548",12,"Hmp",""
"211",163,"Spectrogram 1",1,309288.986504061,309343.583915078,103.194,796.069,"2023/3/15  12:12:36.9865",12,"HmpSng","xx"
"212",274,"Spectrogram 1",1,309602.631364112,309648.39405479,176.904,692.875,"2023/3/15  12:17:49.6314",12,"HmpSng",""
"213",275,"Spectrogram 1",1,310348.436561911,310376.65688783,213.759,766.585,"2023/3/15  12:30:15.4366",12,"Hmp",""
"214",276,"Spectrogram 1",1,310855.157141302,310935.496087159,125.307,567.568,"2023/3/15  12:38:42.1571",12,"HmpSng",""
"215",170,"Spectrogram 1",1,311507.200415902,311546.861414489,125.307,773.956,"2023/3/15  12:49:34.2004",12,"Hmp","xx"
"216",277,"Spectrogram 1",1,311766.140720398,311835.801705096,140.049,515.971,"2023/3/15  12:53:53.1407",12,"HmpSng",""
"217",171,"Spectrogram 1",1,312153.821279926,312191.130621322,88.452,737.101,"2023/3/15  13:00:21.8213",13,"HmpSng",""
"218",172,"Spectrogram 1",1,313032.751314442,313088.556373352,154.791,965.602,"2023/3/15  13:14:59.7513",13,"HmpSng","xx"
"219",173,"Spectrogram 1",1,316198.768131179,316239.446078449,280.098,515.971,"2023/3/15  14:07:45.7681",14,"Hmp","xx"
"220",174,"Spectrogram 1",1,316878.547777484,316999.437552024,154.791,737.101,"2023/3/15  14:19:05.5478",14,"HmpSng","xx"
"221",278,"Spectrogram 1",1,317350.946609051,317401.412687382,206.388,486.486,"2023/3/15  14:26:57.9466",14,"Hmp",""
"222",192,"Spectrogram 1",1,318500.327195445,318531.852604579,154.791,523.342,"2023/3/15  14:46:07.3272",14,"Hmp",""
"223",279,"Spectrogram 1",1,318564.573765831,318604.99747593,199.017,434.889,"2023/3/15  14:47:11.5738",14,"HmpSng",""
"224",175,"Spectrogram 1",1,318732.369778131,318768.471456332,250.614,523.342,"2023/3/15  14:49:59.3698",14,"Hmp","xx"
"225",280,"Spectrogram 1",1,319521.90428943,319544.658516184,206.388,523.342,"2023/3/15  15:03:08.9043",15,"Hmp",""
"226",176,"Spectrogram 1",1,319835.988352931,319931.073054673,221.13,611.794,"2023/3/15  15:08:22.9884",15,"HmpSng","xx"
"227",281,"Spectrogram 1",1,321670.413985993,321762.702078861,206.388,530.713,"2023/3/15  15:38:57.4140",15,"Hmp",""
"228",282,"Spectrogram 1",1,325447.771644421,325505.864837865,125.307,685.504,"2023/3/15  16:41:54.7716",16,"Hmp",""
"229",177,"Spectrogram 1",1,326436.674525247,326539.818870292,70.024,519.656,"2023/3/15  16:58:23.6745",16,"HmpSng","hmp"
"230",178,"Spectrogram 1",1,326894.962961158,326969.708689265,176.904,560.197,"2023/3/15  17:06:01.9630",17,"HmpSng","xx"
"231",179,"Spectrogram 1",1,327867.85280685,327919.208715278,213.759,810.811,"2023/3/15  17:22:14.8528",17,"HmpSng",""
"232",180,"Spectrogram 1",1,329278.946018126,329321.912099929,55.282,814.496,"2023/3/15  17:45:45.9460",17,"HmpSng",""
"233",181,"Spectrogram 1",1,330301.742500265,330350.428918403,117.936,707.617,"2023/3/15  18:02:48.7425",18,"HmpSng",""
"234",182,"Spectrogram 1",1,330856.628038636,330897.687381209,117.936,751.843,"2023/3/15  18:12:03.6280",18,"HmpSng",""
"235",183,"Spectrogram 1",1,331750.767964513,331802.505228696,206.388,619.165,"2023/3/15  18:26:57.7680",18,"Hmp","xx"
"236",184,"Spectrogram 1",1,331951.284895833,332019.293338924,191.646,707.617,"2023/3/15  18:30:17.2849",18,"HmpSng","xx"
"237",185,"Spectrogram 1",1,333708.242524688,333746.250981668,501.228,899.263,"2023/3/15  18:59:34.2425",18,"HmpSng",""
"238",186,"Spectrogram 1",1,334965.42044362,334999.869580214,280.098,766.585,"2023/3/15  19:20:31.4204",19,"HmpSng","xx"
"239",187,"Spectrogram 1",1,335170.81872028,335294.632222281,117.936,788.698,"2023/3/15  19:23:57.8187",19,"HmpSng","xx"
"240",189,"Spectrogram 1",1,336348.674798846,336374.861227401,493.857,670.762,"2023/3/15  19:43:34.6748",19,"Hmp","xx"
"241",188,"Spectrogram 1",1,336912.089767243,336931.157555026,265.356,604.423,"2023/3/15  19:52:58.0898",19,"Hmp","xx"
"242",190,"Spectrogram 1",1,346262.600512535,346306.456424435,176.904,530.713,"2023/3/15  22:28:48.6005",22,"Hmp","xx"
"243",191,"Spectrogram 1",1,348228.020002942,348294.630141596,169.533,611.794,"2023/3/15  23:01:33.0200",23,"Hmp",""
"244",285,"Spectrogram 1",1,349330.920348458,349379.352529426,420.147,825.553,"2023/3/15  23:19:56.9203",23,"Hmp",""
"245",286,"Spectrogram 1",1,353230.106783957,353252.35253637,44.226,471.744,"2023/3/16  0:24:55.1068",0,"Hmp",""
"246",106,"Spectrogram 1",1,355396.316527307,355436.041085187,224.244,707.617,"2023/3/16  1:01:01.3165",1,"HmpSng","xx"
"247",107,"Spectrogram 1",1,356110.532588512,356212.354575271,109.914,1144.397,"2023/3/16  1:12:55.5326",1,"HmpSng",""
"248",287,"Spectrogram 1",1,357309.553621292,357340.69767467,132.678,855.037,"2023/3/16  1:32:54.5536",1,"HmpSng",""
"249",108,"Spectrogram 1",1,359839.011297846,360040.926533604,127.912,714.988,"2023/3/16  2:15:04.0113",2,"HmpSng","xx"
"250",288,"Spectrogram 1",1,361940.435341631,361982.130237582,243.243,810.811,"2023/3/16  2:50:05.4353",2,"Hmp",""
"251",109,"Spectrogram 1",1,363799.278213983,363862.837506591,200.129,536.971,"2023/3/16  3:21:04.2782",3,"Hmp","xx"
"252",289,"Spectrogram 1",1,367535.320227283,367569.388008121,110.565,619.165,"2023/3/16  4:23:20.3202",4,"Hmp","xx"
"253",164,"Spectrogram 1",1,367618.697776189,367714.418070857,117.936,626.536,"2023/3/16  4:24:43.6978",4,"HmpSng",""
"254",290,"Spectrogram 1",1,368594.523577242,368622.616784575,140.049,773.956,"2023/3/16  4:40:59.5236",4,"HmpSng",""
"255",291,"Spectrogram 1",1,369172.290392243,369208.137833274,88.452,1260.442,"2023/3/16  4:50:37.2904",4,"HmpSng",""
"256",293,"Spectrogram 1",1,369828.679718868,369891.730537135,125.307,796.069,"2023/3/16  5:01:33.6797",5,"HmpSng",""
"257",292,"Spectrogram 1",1,369992.713866231,370037.459608227,110.565,656.02,"2023/3/16  5:04:17.7139",5,"Hmp",""
"258",294,"Spectrogram 1",1,370276.798213806,370349.637163136,213.759,626.536,"2023/3/16  5:09:01.7982",5,"HmpSng",""
"259",110,"Spectrogram 1",1,372491.091735287,372604.227250118,90.517,678.133,"2023/3/16  5:45:55.0917",5,"HmpSng",""
"260",295,"Spectrogram 1",1,373855.543803025,373919.865807144,199.017,530.713,"2023/3/16  6:08:40.5438",6,"Hmp",""
"261",296,"Spectrogram 1",1,375355.619804732,375400.111309557,140.049,869.779,"2023/3/16  6:33:40.6198",6,"HmpSng",""
"262",297,"Spectrogram 1",1,376180.492429202,376214.56021004,117.936,508.6,"2023/3/16  6:47:24.4924",6,"HmpSng",""
"263",111,"Spectrogram 1",1,378216.261255885,378273.006983992,142.384,491.522,"2023/3/16  7:21:20.2613",7,"Hmp",""
"264",298,"Spectrogram 1",1,378443.915910134,378512.687064736,169.533,501.229,"2023/3/16  7:25:08.9159",7,"HmpSng",""
"265",112,"Spectrogram 1",1,379021.049147893,379081.938974929,109.914,420.147,"2023/3/16  7:34:45.0491",7,"HmpSng",""
"266",299,"Spectrogram 1",1,379498.593912959,379542.449824859,81.081,692.875,"2023/3/16  7:42:42.5939",7,"HmpSng",""
"267",300,"Spectrogram 1",1,380832.983725694,380894.636239524,88.452,678.133,"2023/3/16  8:04:57.9837",8,"HmpSng",""
"268",113,"Spectrogram 1",1,381648.502647364,381709.265331097,32.994,925.236,"2023/3/16  8:18:32.5026",8,"HmpSng",""
"269",114,"Spectrogram 1",1,381966.604124411,382035.502397599,25.862,958.231,"2023/3/16  8:23:50.6041",8,"HmpSng",""
"270",115,"Spectrogram 1",1,383088.591416167,383140.58291752,37.514,625.876,"2023/3/16  8:42:32.5914",8,"HmpSng",""
"271",301,"Spectrogram 1",1,384383.890511417,384427.110830391,140.049,855.037,"2023/3/16  9:04:07.8905",9,"HmpSng",""
"272",116,"Spectrogram 1",1,385699.405011829,385755.082952154,38.793,707.617,"2023/3/16  9:26:03.4050",9,"HmpSng",""
"273",117,"Spectrogram 1",1,387710.828610581,387859.748041726,122.845,633.621,"2023/3/16  9:59:34.8286",9,"HmpSng",""
"274",118,"Spectrogram 1",1,389209.760795021,389255.587048023,77.586,601.293,"2023/3/16  10:24:33.7608",10,"HmpSng",""
"275",302,"Spectrogram 1",1,389589.754908074,389645.432848399,73.71,914.005,"2023/3/16  10:30:53.7549",10,"HmpSng",""
"276",303,"Spectrogram 1",1,393223.542761358,393251.763087276,213.759,921.376,"2023/3/16  11:31:27.5428",11,"HmpSng",""
"277",119,"Spectrogram 1",1,395119.226935852,395157.743867173,129.31,762.931,"2023/3/16  12:03:02.2269",12,"HmpSng","xx"
"278",165,"Spectrogram 1",1,395681.357753001,395768.942437441,44.226,899.263,"2023/3/16  12:12:24.3578",12,"HmpSng",""
"279",120,"Spectrogram 1",1,397132.442739701,397247.485021069,132.678,1720.991,"2023/3/16  12:36:35.4427",12,"HmpSng",""
"280",121,"Spectrogram 1",1,397788.197148776,397844.542470339,53.273,751.843,"2023/3/16  12:47:31.1971",12,"HmpSng",""
"281",304,"Spectrogram 1",1,398738.459934616,398787.909064265,162.162,619.165,"2023/3/16  13:03:21.4599",13,"HmpSng",""
"282",122,"Spectrogram 1",1,400391.955602813,400447.379305967,185.45,728.554,"2023/3/16  13:30:55.9556",13,"Hmp","xx"
"283",123,"Spectrogram 1",1,400932.425965925,400965.603916667,201.225,653.811,"2023/3/16  13:39:55.4260",13,"Hmp","xx"
"284",305,"Spectrogram 1",1,404485.048786252,404594.243650953,103.194,1400.491,"2023/3/16  14:39:08.0488",14,"HmpSng",""
"285",166,"Spectrogram 1",1,405063.829409958,405183.575117232,92.137,1179.361,"2023/3/16  14:48:46.8294",14,"HmpSng",""
"286",306,"Spectrogram 1",1,405641.850057556,405679.985633121,103.194,604.423,"2023/3/16  14:58:24.8501",14,"HmpSng",""
"287",167,"Spectrogram 1",1,405716.913614054,405739.159366467,117.936,434.889,"2023/3/16  14:59:40.9136",14,"HmpSng","xx"
"288",168,"Spectrogram 1",1,405956.710104873,406017.854144362,132.678,1113.022,"2023/3/16  15:03:39.7101",15,"HmpSng","xx"
"289",307,"Spectrogram 1",1,409406.77361476,409463.341385181,125.307,803.44,"2023/3/16  16:01:09.7736",16,"HmpSng",""
"290",169,"Spectrogram 1",1,410468.560173876,410517.246592014,140.049,611.794,"2023/3/16  16:18:51.5602",16,"HmpSng",""
"291",124,"Spectrogram 1",1,413583.095413312,413613.222544374,187.5,486.486,"2023/3/16  17:10:45.0954",17,"Hmp",""
"292",125,"Spectrogram 1",1,414019.849516243,414113.535913548,174.569,449.631,"2023/3/16  17:18:02.8495",17,"HmpSng",""
"293",126,"Spectrogram 1",1,415255.468176259,415324.112212276,154.791,523.342,"2023/3/16  17:38:38.4682",17,"HmpSng",""
"294",308,"Spectrogram 1",1,417014.417518832,417031.070053496,361.179,958.231,"2023/3/16  18:07:57.4175",18,"Hmp",""
"295",309,"Spectrogram 1",1,418029.510635887,418076.671631003,412.776,1179.361,"2023/3/16  18:24:52.5106",18,"HmpSng",""
"296",310,"Spectrogram 1",1,418630.730996528,418691.493680261,88.452,943.489,"2023/3/16  18:34:53.7310",18,"HmpSng",""
"297",127,"Spectrogram 1",1,420315.667208804,420384.629072269,109.914,788.698,"2023/3/16  19:02:58.6672",19,"HmpSng",""
"298",311,"Spectrogram 1",1,421417.273354343,421509.942802966,176.904,1068.796,"2023/3/16  19:21:19.2734",19,"HmpSng",""
"299",128,"Spectrogram 1",1,422188.74768291,422233.74764807,204.982,810.811,"2023/3/16  19:34:11.7477",19,"HmpSng",""
"300",129,"Spectrogram 1",1,423373.010466013,423433.646031162,209.891,733.597,"2023/3/16  19:53:55.0105",19,"HmpSng","xx"
"301",130,"Spectrogram 1",1,423561.959609758,423614.078229696,109.914,879.31,"2023/3/16  19:57:04.9596",19,"HmpSng","xx"
"302",131,"Spectrogram 1",1,424981.823950859,425101.315420963,58.19,969.828,"2023/3/16  20:20:44.8240",20,"HmpSng","xx"
"303",312,"Spectrogram 1",1,430976.035815854,431030.696807498,191.646,567.568,"2023/3/16  22:00:38.0358",22,"Hmp",""
"304",313,"Spectrogram 1",1,431771.924902895,431796.840145598,280.098,678.133,"2023/3/16  22:13:53.9249",22,"HmpSng",""
"305",314,"Spectrogram 1",1,433463.746736876,433535.314500353,140.049,648.649,"2023/3/16  22:42:05.7467",22,"HmpSng",""
